﻿Designator,Quantity,Value,Footprint,Package,MPN,DNP,Mount_Type,Description,MF,MAXIMUM_PACKAGE_HEIGHT,Price,Check_prices,STANDARD,PARTREV,SnapEDA_Link,MP,Description_1,Availability,MANUFACTURER
A1,1,Arduino_Nano_ESP32,Arduino_Nano,,,,tht,"Arduino Nano board based on the ESP32-S3 with a dual-core 240 MHz processor, 384 kB ROM, 512 kB SRAM. Operates at 3.3V, with 5V USB-C® input and 6-21V VIN. Features Wi-Fi®, Bluetooth® LE, digital and analog pins, and supports SPI, I2C, UART, I2S, and CAN.",,,,,,,,,,,
"D1, D10, D11, D12, D13, D14, D15, D16, D17, D18, D19, D2, D20, D21, D22, D23, D24, D25, D3, D4, D5, D6, D7, D8, D9",25,1N4148,DIOAD753W49L380D172B,AXIAL LEAD-2 ON Semiconductor,,,tht,,onsemi,1.91mm,None,https://www.snapeda.com/parts/1N4148/Onsemi/view-part/?ref=eda,IPC-7351B,5,https://www.snapeda.com/parts/1N4148/Onsemi/view-part/?ref=snap,1N4148,Diode Standard 75V 200mA Surface Mount SOD-523F,In Stock,Onsemi
"D26, D27, D28, D29, D30, D31, D32, D33, D34, D35, D36, D37, D38, D39, D40, D41, D42, D43, D44, D45, D46, D47, D48, D49, D50",25,SK6812,LED_SK6812_PLCC4_5.0x5.0mm_P3.2mm,,,,smt,RGB LED with integrated controller,,,,,,,,,,,
"SW10, SW11, SW12, SW13, SW14, SW15, SW16, SW17, SW18, SW19, SW2, SW20, SW21, SW22, SW23, SW24, SW25, SW26, SW3, SW4, SW5, SW6, SW7, SW8, SW9",25,SW_Push,hotswap,,,,tht,"Push button switch, generic, two pins",,,,,,,,,,,
"U1, U2",2,COM-09032,PS4_joystick,Package,,,tht,,SparkFun Electronics,30.1mm,None,https://www.snapeda.com/parts/COM-09032/SparkFun/view-part/?ref=eda,Manufacturer Recommendations,N/A,https://www.snapeda.com/parts/COM-09032/SparkFun/view-part/?ref=snap,COM-09032,"Joystick, 2 - Axis Analog (Resistive) Output",In Stock,SparkFun Electronics
