﻿pos_x,pos_y,rotation,side,designator,mpn,pack,footprint,value,mount_type
76.74,-87.06,180.0,top,A1,,,Arduino_Nano,Arduino_Nano_ESP32,tht
94.5,-38.0,0.0,top,D1,,AXIAL LEAD-2 ON Semiconductor,DIOAD753W49L380D172B,1N4148,tht
111.5,-38.0,0.0,top,D10,,AXIAL LEAD-2 ON Semiconductor,DIOAD753W49L380D172B,1N4148,tht
128.2315,-38.0,0.0,top,D11,,AXIAL LEAD-2 ON Semiconductor,DIOAD753W49L380D172B,1N4148,tht
128.26875,-55.5,0.0,top,D12,,AXIAL LEAD-2 ON Semiconductor,DIOAD753W49L380D172B,1N4148,tht
128.2,-72.4,0.0,top,D13,,AXIAL LEAD-2 ON Semiconductor,DIOAD753W49L380D172B,1N4148,tht
127.745,-89.874,0.0,top,D14,,AXIAL LEAD-2 ON Semiconductor,DIOAD753W49L380D172B,1N4148,tht
181.2685,-71.5,0.0,top,D15,,AXIAL LEAD-2 ON Semiconductor,DIOAD753W49L380D172B,1N4148,tht
145.2185,-37.975,0.0,top,D16,,AXIAL LEAD-2 ON Semiconductor,DIOAD753W49L380D172B,1N4148,tht
145.0688,-55.0,0.0,top,D17,,AXIAL LEAD-2 ON Semiconductor,DIOAD753W49L380D172B,1N4148,tht
145.45,-72.55,0.0,top,D18,,AXIAL LEAD-2 ON Semiconductor,DIOAD753W49L380D172B,1N4148,tht
145.4395,-89.856,0.0,top,D19,,AXIAL LEAD-2 ON Semiconductor,DIOAD753W49L380D172B,1N4148,tht
94.7685,-55.0,0.0,top,D2,,AXIAL LEAD-2 ON Semiconductor,DIOAD753W49L380D172B,1N4148,tht
180.8185,-89.0,0.0,top,D20,,AXIAL LEAD-2 ON Semiconductor,DIOAD753W49L380D172B,1N4148,tht
180.8185,-106.0,0.0,top,D21,,AXIAL LEAD-2 ON Semiconductor,DIOAD753W49L380D172B,1N4148,tht
162.5,-90.0,0.0,top,D22,,AXIAL LEAD-2 ON Semiconductor,DIOAD753W49L380D172B,1N4148,tht
162.5,-72.5,0.0,top,D23,,AXIAL LEAD-2 ON Semiconductor,DIOAD753W49L380D172B,1N4148,tht
162.5,-55.0,0.0,top,D24,,AXIAL LEAD-2 ON Semiconductor,DIOAD753W49L380D172B,1N4148,tht
162.5,-38.0,0.0,top,D25,,AXIAL LEAD-2 ON Semiconductor,DIOAD753W49L380D172B,1N4148,tht
75.65,-98.8,0.0,top,D26,,,LED_SK6812_PLCC4_5.0x5.0mm_P3.2mm,SK6812,smt
99.8,-102.8,0.0,top,D27,,,LED_SK6812_PLCC4_5.0x5.0mm_P3.2mm,SK6812,smt
116.8,-102.8,0.0,top,D28,,,LED_SK6812_PLCC4_5.0x5.0mm_P3.2mm,SK6812,smt
133.75,-102.7,0.0,top,D29,,,LED_SK6812_PLCC4_5.0x5.0mm_P3.2mm,SK6812,smt
94.2685,-72.5,0.0,top,D3,,AXIAL LEAD-2 ON Semiconductor,DIOAD753W49L380D172B,1N4148,tht
150.8,-102.675,0.0,top,D30,,,LED_SK6812_PLCC4_5.0x5.0mm_P3.2mm,SK6812,smt
168.15,-102.7,0.0,top,D31,,,LED_SK6812_PLCC4_5.0x5.0mm_P3.2mm,SK6812,smt
186.4685,-93.4,0.0,top,D32,,,LED_SK6812_PLCC4_5.0x5.0mm_P3.2mm,SK6812,smt
168.05,-85.5,0.0,top,D33,,,LED_SK6812_PLCC4_5.0x5.0mm_P3.2mm,SK6812,smt
150.8,-85.35,0.0,top,D34,,,LED_SK6812_PLCC4_5.0x5.0mm_P3.2mm,SK6812,smt
133.725,-85.35,0.0,top,D35,,,LED_SK6812_PLCC4_5.0x5.0mm_P3.2mm,SK6812,smt
116.85,-85.4,0.0,top,D36,,,LED_SK6812_PLCC4_5.0x5.0mm_P3.2mm,SK6812,smt
99.95,-85.4,0.0,top,D37,,,LED_SK6812_PLCC4_5.0x5.0mm_P3.2mm,SK6812,smt
186.325,-58.775,0.0,top,D38,,,LED_SK6812_PLCC4_5.0x5.0mm_P3.2mm,SK6812,smt
168.025,-67.95,0.0,top,D39,,,LED_SK6812_PLCC4_5.0x5.0mm_P3.2mm,SK6812,smt
94.5,-90.0,0.0,top,D4,,AXIAL LEAD-2 ON Semiconductor,DIOAD753W49L380D172B,1N4148,tht
150.825,-67.9,0.0,top,D40,,,LED_SK6812_PLCC4_5.0x5.0mm_P3.2mm,SK6812,smt
133.75,-67.925,0.0,top,D41,,,LED_SK6812_PLCC4_5.0x5.0mm_P3.2mm,SK6812,smt
116.825,-67.925,0.0,top,D42,,,LED_SK6812_PLCC4_5.0x5.0mm_P3.2mm,SK6812,smt
99.825,-67.925,0.0,top,D43,,,LED_SK6812_PLCC4_5.0x5.0mm_P3.2mm,SK6812,smt
168.05,-51.025,0.0,top,D44,,,LED_SK6812_PLCC4_5.0x5.0mm_P3.2mm,SK6812,smt
150.85,-50.9,0.0,top,D45,,,LED_SK6812_PLCC4_5.0x5.0mm_P3.2mm,SK6812,smt
133.85,-50.925,0.0,top,D46,,,LED_SK6812_PLCC4_5.0x5.0mm_P3.2mm,SK6812,smt
116.85,-51.025,0.0,top,D47,,,LED_SK6812_PLCC4_5.0x5.0mm_P3.2mm,SK6812,smt
99.85,-50.925,0.0,top,D48,,,LED_SK6812_PLCC4_5.0x5.0mm_P3.2mm,SK6812,smt
186.4685,-76.1,0.0,top,D49,,,LED_SK6812_PLCC4_5.0x5.0mm_P3.2mm,SK6812,smt
70.0,-112.0,0.0,top,D5,,AXIAL LEAD-2 ON Semiconductor,DIOAD753W49L380D172B,1N4148,tht
186.3685,-41.725,0.0,top,D50,,,LED_SK6812_PLCC4_5.0x5.0mm_P3.2mm,SK6812,smt
181.1873,-54.4,0.0,top,D6,,AXIAL LEAD-2 ON Semiconductor,DIOAD753W49L380D172B,1N4148,tht
111.5,-90.0,0.0,top,D7,,AXIAL LEAD-2 ON Semiconductor,DIOAD753W49L380D172B,1N4148,tht
111.2315,-72.5,0.0,top,D8,,AXIAL LEAD-2 ON Semiconductor,DIOAD753W49L380D172B,1N4148,tht
111.5,-55.0,0.0,top,D9,,AXIAL LEAD-2 ON Semiconductor,DIOAD753W49L380D172B,1N4148,tht
110.815,-98.058,180.0,bottom,SW10,,,hotswap,SW_Push,tht
180.3885,-46.405,0.0,bottom,SW11,,,hotswap,SW_Push,tht
127.82,-46.3,180.0,bottom,SW12,,,hotswap,SW_Push,tht
144.77,-46.295,180.0,bottom,SW13,,,hotswap,SW_Push,tht
127.84,-63.33,180.0,bottom,SW14,,,hotswap,SW_Push,tht
144.77,-63.3,180.0,bottom,SW15,,,hotswap,SW_Push,tht
127.77,-80.75,180.0,bottom,SW16,,,hotswap,SW_Push,tht
144.77,-80.725,180.0,bottom,SW17,,,hotswap,SW_Push,tht
127.7545,-98.08,180.0,bottom,SW18,,,hotswap,SW_Push,tht
144.7545,-98.08,180.0,bottom,SW19,,,hotswap,SW_Push,tht
93.825,-46.3,180.0,bottom,SW2,,,hotswap,SW_Push,tht
180.4785,-63.36,0.0,bottom,SW20,,,hotswap,SW_Push,tht
180.4485,-80.76,0.0,bottom,SW21,,,hotswap,SW_Push,tht
161.82,-46.3,180.0,bottom,SW22,,,hotswap,SW_Push,tht
161.82,-63.32,180.0,bottom,SW23,,,hotswap,SW_Push,tht
161.815,-80.724,180.0,bottom,SW24,,,hotswap,SW_Push,tht
161.815,-98.058,180.0,bottom,SW25,,,hotswap,SW_Push,tht
180.4785,-98.06,0.0,bottom,SW26,,,hotswap,SW_Push,tht
93.82,-63.32,180.0,bottom,SW3,,,hotswap,SW_Push,tht
93.815,-80.724,180.0,bottom,SW4,,,hotswap,SW_Push,tht
93.815,-98.058,180.0,bottom,SW5,,,hotswap,SW_Push,tht
69.3,-103.6,0.0,bottom,SW6,,,hotswap,SW_Push,tht
110.82,-46.3,180.0,bottom,SW7,,,hotswap,SW_Push,tht
110.82,-63.32,180.0,bottom,SW8,,,hotswap,SW_Push,tht
110.815,-80.724,180.0,bottom,SW9,,,hotswap,SW_Push,tht
153.9304,-126.8813,0.0,top,U1,,Package,PS4_joystick,COM-09032,tht
182.05,-126.8813,0.0,top,U2,,Package,PS4_joystick,COM-09032,tht
