﻿Designator,Footprint,Quantity,Value,LCSC Part #
A1,Arduino_Nano,1,Arduino_Nano_ESP32,
"D1, D10, D11, D12, D13, D14, D15, D16, D17, D18, D19, D2, D20, D21, D22, D23, D24, D25, D3, D4, D5, D6, D7, D8, D9",DIOAD753W49L380D172B,25,1N4148,
"D26, D27, D28, D29, D30, D31, D32, D33, D34, D35, D36, D37, D38, D39, D40, D41, D42, D43, D44, D45, D46, D47, D48, D49, D50",LED_SK6812_PLCC4_5.0x5.0mm_P3.2mm,25,SK6812,
"SW10, SW11, SW12, SW13, SW14, SW15, SW16, SW17, SW18, SW19, SW2, SW20, SW21, SW22, SW23, SW24, SW25, SW26, SW3, SW4, SW5, SW6, SW7, SW8, SW9",hotswap,25,SW_Push,
"U1, U2",PS4_joystick,2,COM-09032,
